{
  "meta": {
    "fetchDate": "2026-06-13T19:52:58.287Z",
    "dataDate": "20260612",
    "note": "Data fetched from Wind MCP + analytics_data"
  },
  "relativeNav": {
    "kc50": {
      "current": 32754.42996115968,
      "ma243": 40284.77242781078,
      "ma243Position": -0.18692776483087425,
      "slope20": -115.35476596696176,
      "tValue20": -2.2240973308023166,
      "r2_20": 0.21557036817458985,
      "aboveMA243": false,
      "slopePositive": false,
      "last20Series": [
        37104.203022292924,
        35873.37378107519,
        34416.80221831639,
        34450.3449214078,
        34686.81516889382,
        32265.504947153015,
        31986.855561088174,
        32030.37263488391,
        31662.26596177308,
        32414.34575063381,
        35174.17307310857,
        33748.65961574863,
        32671.367991750572,
        31897.25268402702,
        33787.29208250166,
        34359.646617436134,
        33245.17500345738,
        33155.83638982702,
        32468.170881355116,
        32754.42996115968
      ]
    },
    "hs300": {
      "current": 11403.427653998477,
      "ma243": 11897.168172957367,
      "ma243Position": -0.0415006757726748,
      "slope20": -95.02155399009423,
      "tValue20": -8.761413020343351,
      "r2_20": 0.8100511599919474,
      "aboveMA243": false,
      "slopePositive": false,
      "last20Series": [
        13126.397118456114,
        13122.084617793971,
        12998.591955800193,
        12706.459200100353,
        12820.397515015167,
        12430.243823146944,
        12074.369675717735,
        11847.499169751658,
        11882.506852576507,
        11603.945119907117,
        12080.053506624332,
        11609.204893215261,
        11419.079089902221,
        11303.193638819512,
        11702.15677237737,
        11638.05063602651,
        11514.487870198944,
        11536.210959463755,
        11429.839001696168,
        11403.427653998477
      ]
    }
  },
  "turnover": {
    "current": 3.0831,
    "percentile1y": 0.10756972111553785,
    "median1y": 3.96,
    "note": "近一年(251个交易日)分位"
  },
  "fundRepair": {
    "fundCode": "006195.OF",
    "repairDays": 1,
    "navSeries": [
      "3.5946",
      "3.6509",
      "3.6575",
      "3.7205",
      "3.7021",
      "3.7569",
      "3.6811",
      "3.6310",
      "3.6344",
      "3.6450",
      "3.6701",
      "3.5596",
      "3.6385",
      "3.6505",
      "3.5993",
      "3.5509",
      "3.5861",
      "3.5190",
      "3.4724",
      "3.4879",
      "3.5186",
      "3.5199",
      "3.4682",
      "3.3447",
      "3.4403",
      "3.4020",
      "3.3981",
      "3.4213"
    ]
  },
  "analytics": {
    "smallCapTurnoverRatio": 1.68,
    "allAMedianChg": 1.28,
    "hhi": 0.1579,
    "iqr": 2.99,
    "p75": 2.56,
    "p25": -0.43
  },
  "weipan": {
    "last20Closes": [
      634467.03,
      636799.02,
      630522.7,
      607762.65,
      621161.08,
      611766.88,
      597421.7,
      581495.4,
      583931.34,
      567678.92,
      585189.2,
      570541.34,
      563966.62,
      554393.39,
      563683.53,
      548575.81,
      552903.83,
      547807.36,
      539763.86,
      544778.23
    ],
    "last20TurnoverRates": [
      3.3489,
      3.0534,
      2.9438,
      3.894,
      3.3414,
      3.6502,
      3.5065,
      3.4079,
      3.1836,
      3.6108,
      3.7948,
      3.5422,
      3.1543,
      2.9907,
      3.3854,
      3.4193,
      2.9771,
      2.981,
      2.7775,
      3.0831
    ],
    "lastDate": "20260612"
  }
}